# Target air-fuel ratio by engine speed and load, transcribed from
# materials/ControlTheory/2. Engine CS.pptx, slide 44 (ppt/media/image53.png), which takes it from
# the video linked on that slide (https://www.youtube.com/watch?v=4FfcjERUtUw).
# Rows: engine speed [rpm]. Columns: engine load [%], interpreted as p_m / p_a (plan, task 3).
# Values: air-fuel ratio [-]; 14.7 is stoichiometric on this map.
rpm,10,20,30,40,50,60,70,80,90,100
600,14.7,14.7,14.7,14.7,14.7,14.7,14.7,14.7,13.0,12.7
800,14.7,14.7,14.7,14.7,14.7,14.7,14.7,14.7,13.0,12.7
1000,14.7,14.7,14.7,14.7,14.7,14.7,14.7,14.7,13.0,12.7
1500,14.7,14.7,14.7,14.7,14.7,14.7,14.7,14.7,13.0,12.7
2000,14.7,14.7,14.7,14.7,14.7,14.7,14.7,14.7,13.0,12.6
2500,14.7,14.7,14.7,14.7,14.7,14.7,14.7,14.6,13.0,12.6
3000,14.7,14.7,14.7,14.7,14.7,14.7,14.6,14.0,12.8,12.5
3500,14.7,14.7,14.7,14.7,14.6,14.6,14.5,13.1,12.7,12.5
4000,14.7,14.7,14.7,14.6,14.5,13.8,13.2,12.9,11.7,11.6
4500,14.5,14.5,14.5,14.5,13.4,13.0,12.9,12.0,11.4,11.2
5000,14.0,14.0,14.0,14.0,13.1,12.5,11.8,11.5,10.9,10.9
5500,13.8,13.8,13.8,13.6,12.9,12.4,11.5,11.1,10.8,10.8
6000,13.5,13.5,13.5,13.2,12.7,12.2,11.2,10.9,10.6,10.5
